"0","print(""The differences between the rendering eviornment and the Rstudio enviornment are the assignments of the variables. We can either define it outside or inside this specific code chunk."")"
"1","[1]"
"1"," ""The differences between the rendering eviornment and the Rstudio enviornment are the assignments of the variables. We can either define it outside or inside this specific code chunk."""
"1","
"
"0","b <- 10"
"0","c <- 35 "
"0",""
"0","a <- c+b "
"0",""
"0","a"
"1","[1]"
"1"," 45"
"1","
"
